INSERT INTO `users` (`id`, `username`, `password`, `email`, `created_at`) VALUES
('o1q6', 'Jessica', '123456', 'jes@gmail.com', '2025-11-05 15:41:52'),
('QtYB', 'lys', 'cobaaja', 'lys@yahoo.com', '2025-11-05 15:41:52'),
('uVMd', 'vilbert', '12345', 'vil@gmail.com', '2025-11-05 15:41:52');

INSERT INTO `categories` (`catid`, `namaKategori`) VALUES
('K001', 'Alat Tulis'),
('K002', 'Kertas & Buku'),
('K003', 'Perlengkapan Kantor'),
('K004', 'Peralatan Gambar'),
('K005', 'Produk Arsip'),
('K006', 'Aksesoris Kantor'),
('K007', 'Produk Kebersihan'),
('K008', 'Lain-lain');

INSERT INTO `suppliers` (`supid`, `namaSupplier`, `kontak`, `alamat`) VALUES
('S001', 'PT Apsara Tiyasa Sambada', '0272322446', 'Jl. Raya Klaten-Solo Km 7, Klaten'),
('S002', 'PT Delbi Varia Kreasi', '08116536111', 'Jl. Setrbaguna Komplek Brayan Trade Center No. 36, Lantai 1, Deli Serdang'),
('S003', 'Mitra Global Buana', '081299593535 ', 'Jl. Kamboja No.2 E, Rt.005/001, Jatipulo, Palmerah, 11430 Kota Administrasi Jakarta Barat DKI Jakart'),
('S004', 'PT Ermich Karya Abadi', '082147884619', 'Jl. Waringin III No. 12, Kota Teluk Besar, DKI Jakarta'),
('S005', 'PT Kalingga Tataraya', '02151212028', 'Komplek Pergudangan Tambun City, Blok C7, Jalan Sultan Hasanudin, Bekasi, Jawa Barat 17530'),
('S006', 'PT Indah Jaya Indonesia', '0215918888', 'Jl. Rayaputra Margomulyo No. 61, Surabaya, Jawa Timur'),
('S007', 'PT Singer Indonesia', '0217204161', 'Jl. Wolter Monginsidi No. 127-C, Jakarta Selatan, DKI Jakarta'),
('S008', 'Kalawatu Stationery', '0812-3456-7890', 'Jl. Kalawatu No. 15, Surabaya, Jawa Timur'),
('S009', 'PT Epson Indonesia', '021-650-5555', 'Jl. Jend. Sudirman Kav. 10, Jakarta Selatan'),
('S010', 'PT PASEO Indonesia', '021-555-6677', 'Jl. Industri Raya No. 99, Bekasi, Jawa Barat'),
('S011', 'UD Merpati Putih Sejahtera', '0822-4567-9900', 'Jl. Raya Diponegoro No. 88, Surabaya, Jawa Timur'),
('S012', 'PT Unilever Indonesia Tbk', '021-5299-5000', 'Grha Unilever, Green Office Park Kav. 3, BSD City, Tangerang, Banten 15345');

INSERT INTO `products` (`id`, `namaItem`, `catid`, `supid`, `keterangan`, `hargaSatuan`, `stok`, `foto`) VALUES
('P001', 'Minyak Singer', 'K008', 'S007', '80 ml', 7000.00, 25, '/uploads/item-1759393131265.jpg'),
('P002', 'Buku Kwarto', 'K002', 'S002', '16cm x 20,5cm 100 lbr', 12500.00, 11, '/uploads/item-1759393269444.jpg'),
('P003', 'Buku Folio', 'K002', 'S002', '21cm x 31 cm 200 lbr', 20000.00, 90, '/uploads/item-1759393803152.jpg'),
('P004', 'Lem stik UHU', 'K003', 'S001', '8.2 gr', 12500.00, 29, '/uploads/item-1759393841017.jpg'),
('P005', 'Stabillo Boss', 'K004', 'S003', '5 mm', 15000.00, 75, '/uploads/item-1759393877696.jpg'),
('P006', 'Pena Faster', 'K001', 'S003', 'Hitam', 2500.00, 41, '/uploads/item-1759393914250.jpg'),
('P007', 'Correction Tape', 'K003', 'S002', 'Kertas', 7500.00, 63, '/uploads/item-1759393959785.jpg'),
('P008', 'Pensil Faber Castell', 'K001', 'S004', '2B', 5000.00, 27, '/uploads/item-1759393992718.jpg'),
('P009', 'Selotip Nachi', 'K003', 'S002', '½ x 72y', 6000.00, 19, '/uploads/item-1759394033572.jpg'),
('P010', 'Lakban Coklat', 'K003', 'S002', '2 inch', 15000.00, 89, '/uploads/item-1759394066366.jpg'),
('P011', 'Double Tape Nachi', 'K003', 'S004', '1 inch', 7500.00, 34, '/uploads/item-1759394128377.jpg'),
('P012', 'Stapler Kecil', 'K003', 'S008', 'Kecil', 10000.00, 42, '/uploads/item-1759394158176.jpg'),
('P013', 'Stapler Sedang', 'K003', 'S008', 'Sedang', 27500.00, 81, '/uploads/item-1759394253819.jpg'),
('P014', 'Push Pin', 'K006', 'S008', '1 Dus isi 30 pcs', 7500.00, 56, '/uploads/item-1759394370076.jpg'),
('P015', 'Clip trigonal', 'K006', 'S008', '1 Dus isi 60 pcs', 4000.00, 17, '/uploads/item-1759394392857.jpg'),
('P016', 'Pensil Warna Pendek', 'K004', 'S001', 'isi 12', 15000.00, 72, '/uploads/item-1759394424258.jpg'),
('P017', 'Lem Castol', 'K003', 'S006', '21 cc', 7500.00, 61, '/uploads/item-1759394457902.jpg'),
('P018', 'Tisu Basah Paseo', 'K008', 'S010', '25 lembar', 10000.00, 42, '/uploads/item-1762420863608.jpeg'),
('P019', 'Tisu Kering Paseo 50 Lbr', 'K008', 'S010', '50 lembar', 3000.00, 31, '/uploads/item-1762420913002.jpeg'),
('P020', 'Minyak Kayu Putih Merpati Putih', 'K008', 'S011', '22 ml', 15000.00, 57, '/uploads/item-1762420970340.jpeg'),
('P021', 'Stopmap Pink Djago', 'K005', 'S001', 'Per lembar', 1000.00, 200, '/uploads/item-1762421304294.jpeg'),
('P022', 'Buku Gambar SIDU', 'K004', 'S005', 'A4', 5000.00, 56, '/uploads/item-1762421403115.jpg'),
('P023', 'Kertas HVS SIDU', 'K002', 'S008', 'A4', 53000.00, 25, '/uploads/item-1762421471161.jpg'),
('P024', 'Kertas HVS F4', 'K002', 'S008', 'F4', 57000.00, 26, '/uploads/item-1762421559871.jpg'),
('P025', 'Crayon Titi 12 Warna', 'K004', 'S001', '12 Warna', 10000.00, 36, '/uploads/item-1762421598947.jpeg'),
('P026', 'Gunting Gunindo OLL', 'K003', 'S005', 'Besar', 9000.00, 73, '/uploads/item-1762421640800.jpeg'),
('P027', 'Tinta Printer Data Print', 'K003', 'S009', 'Hitam', 37500.00, 42, '/uploads/item-1762421702288.jpg'),
('P028', 'Tinta Printer Epson 003', 'K003', 'S009', 'Hitam', 100000.00, 35, '/uploads/item-1762421758031.jpg'),
('P029', 'Pita Satin ½\"', 'K006', 'S005', 'Semua Warna', 7500.00, 74, '/uploads/item-1762421802590.jpg'),
('P030', 'Kertas Kado', 'K006', 'S005', 'Per lembar', 2500.00, 94, '/uploads/item-1762421854182.jpeg'),
('P031', 'Shampoo Clear 70ml', 'K008', 'S012', '70 ml', 17500.00, 58, '/uploads/item-1762421892476.jpeg'),
('P032', 'Sabun Lifebuoy Batang', 'K008', 'S012', 'Batang', 5000.00, 87, '/uploads/item-1762421951961.jpeg'),
('P033', 'Sabun Lifebuoy Cair 100ml', 'K008', 'S012', '100 ml', 17500.00, 63, '/uploads/item-1762421990115.jpeg'),
('P034', 'Map Ordner Bantex', 'K005', 'S004', 'A4', 50000.00, 21, '/uploads/item-1762422052733.jpg'),
('P035', 'Map Document Keeper 20 Sheet', 'K005', 'S006', '20 lembar', 17000.00, 25, '/uploads/item-1762422107333.jpeg'),
('P036', 'Map Document Keeper 40 Sheet', 'K005', 'S006', '40 lembar', 25000.00, 14, '/uploads/item-1762422137102.jpg'),
('P037', 'ID Card 8.5x11.5', 'K006', 'S003', '100 lembar', 52500.00, 42, '/uploads/item-1762422173075.jpeg'),
('P038', 'ID Card 10.5x16', 'K006', 'S003', '100 lembar', 65000.00, 16, '/uploads/item-1762422207948.jpg');
